{"u_grid": [0, 1, 2, 3, 4, 5, 6, 7, 8, 9, 10, 11, 12, 13, 14, 15, 16, 17, 18, 19, 20, 21, 22, 23, 24, 25, 26, 27, 28, 29, 30, 31, 32, 33, 34, 35, 36, 37, 38, 39, 40, 41, 42, 43, 44, 45, 46, 47, 48, 49, 50, 51, 52, 53, 54, 55, 56, 57, 58, 59, 60, 61, 62, 63, 64, 65, 66, 67, 68, 69, 70, 71, 72, 73, 74, 75, 76, 77, 78, 79, 80, 81, 82, 83, 84, 85, 86, 87, 88, 89, 90, 91, 92, 93, 94, 95, 96, 97, 98, 99, 100, 101, 102, 103, 104, 105, 106, 107, 108, 109, 110, 111, 112, 113, 114, 115, 116, 117, 118, 119, 120], "curves": {"ngan|0": [1.0, 0.959997378179702, 0.9158564513662266, 0.8657449246921844, 0.8144575513390153, 0.763476057020619, 0.7135591806414323, 0.6657447260694346, 0.6199145127684634, 0.5766068083906194, 0.5357659985659438, 0.49771385214919744, 0.4619369293320118, 0.42828328371074964, 0.39728224491376796, 0.3684859186401492, 0.3420710791372622, 0.3174458306105465, 0.29486838263481024, 0.2741172708439679, 0.2550802733843529, 0.23770078277225717, 0.22186459092651553, 0.20737307509727548, 0.19406336462965795, 0.18203973646733548, 0.17090593822435235, 0.1607731986406259, 0.15134259047762813, 0.14272534247527643, 0.13473673547620799, 0.1274184802578918, 0.12063749957792666, 0.11429150272013856, 0.10836559297828854, 0.10288261196860966, 0.09788625669606946, 0.09288592896853219, 0.08821829434699792, 0.08370856481159639, 0.07949379005972586, 0.07537733356903233, 0.07145949982819132, 0.06775220620219399, 0.06403796077995182, 0.060567028226278984, 0.05713284088132887, 0.05375426790633746, 0.05045315780378853, 0.04725632464491218, 0.044169727112203974, 0.04103148766453412, 0.03796971797555748, 0.035203896183861105, 0.03241324654843317, 0.029744749904164522, 0.027112005354869337, 0.02457162038425557, 0.02212458810607249, 0.019760977382827474, 0.017529450788234383, 0.015454836166024784, 0.01351131255871785, 0.011674052122582016, 0.00993808928887097, 0.008343148607555213, 0.006838581277422353, 0.005412469933481241, 0.004179022656897076, 0.0030826250777111507, 0.002189815817124062, 0.0014489529601741525, 0.000808394591899767, 0.00035851406348380333, 8.739400993510994e-05, 0.0, 0.0, 0.0, 0.0, 0.0, 0.0, 0.0, 0.0, 0.0, 0.0, 0.0, 0.0, 0.0, 0.0, 0.0, 0.0, 0.0, 0.0, 0.0, 0.0, 0.0, 0.0, 0.0, 0.0, 0.0, 0.0, 0.0, 0.0, 0.0, 0.0, 0.0, 0.0, 0.0, 0.0, 0.0, 0.0, 0.0, 0.0, 0.0, 0.0, 0.0, 0.0, 0.0, 0.0, 0.0, 0.0], "ngan|1": [1.0, 0.9794074007463693, 0.9543410817858909, 0.9259588148014928, 0.8966660671732386, 0.8666876489366485, 0.8371700912728745, 0.8078323816375163, 0.7786857605323502, 0.749842632975136, 0.7225394541612338, 0.6948653387887235, 0.6671125399037813, 0.640607436715975, 0.6165190414100086, 0.5928128231644261, 0.5700058450609236, 0.5477608920462209, 0.5257632300705903, 0.5050582257991997, 0.484904006114833, 0.46591879861517016, 0.4471808821545794, 0.42998291443730047, 0.41287487073422957, 0.3967559911874466, 0.38189604783957554, 0.36655276291533656, 0.3530641607841374, 0.33923834359965827, 0.3261319185288431, 0.3145879232048919, 0.3031338518951486, 0.29179218560316533, 0.281057506407086, 0.2703565487163347, 0.2594645024953914, 0.24959534193606403, 0.2406254215188166, 0.23225124769569713, 0.22458522548446563, 0.21660446922350612, 0.2093318645744346, 0.20245267748752305, 0.19562969290949148, 0.1887617463243559, 0.18207364776763635, 0.17567780225709276, 0.16993390584955712, 0.1640888449260375, 0.15842363203093385, 0.15327548221752618, 0.1484645474573985, 0.1439009037363428, 0.1392248549975271, 0.1344813632480554, 0.13038982060159165, 0.12654556899419991, 0.12227417831932018, 0.11821635717818443, 0.11452947259565667, 0.11137089159660087, 0.1078413740389371, 0.10446922350613731, 0.10120947799109753, 0.09812958050447372, 0.0952070500427139, 0.09271165864844207, 0.08985657119733825, 0.08710264826221843, 0.08475338339103458, 0.08260644755181872, 0.08022346117530686, 0.07826761386628299, 0.0765590575963311, 0.07464817229441122, 0.07290589451913133, 0.07119733824917944, 0.06930893395081156, 0.06761161818263567, 0.06584685940380379, 0.06429567015871589, 0.06232858234791601, 0.06053010206375613, 0.058866507800908234, 0.05732655905759633, 0.05595521784092442, 0.05450519311182051, 0.0530551683827166, 0.05141405512342071, 0.0499640303943168, 0.048525246166988896, 0.047243828964524975, 0.04592869025673306, 0.044478665527629156, 0.04326469133582123, 0.04171350209073333, 0.04037588237938942, 0.0390944651769255, 0.037869250483341575, 0.036756440807517644, 0.035508745110381726, 0.034114922890157814, 0.03293467020367789, 0.03184434153140596, 0.030720291353806033, 0.029551279169102107, 0.028449709995054178, 0.027381862326334248, 0.026347736162942312, 0.025268647992446384, 0.02423452182905445, 0.023312800683422508, 0.022357358032462568, 0.02125578885841464, 0.0202891057056787, 0.01921001753518277, 0.018546827930398812, 0.017557663774110877, 0.016680904635582933, 0.015669259475743], "trung|0": [1.0, 0.990925673980953, 0.9811441144950558, 0.9677131391133169, 0.9517382514118067, 0.9340912372975397, 0.914911567314489, 0.894699359271561, 0.8736073847182847, 0.8518195775600635, 0.8295582546040481, 0.8069712470262752, 0.7841486216357957, 0.7614897886280203, 0.7390958356451748, 0.7167041628347103, 0.69443219907425, 0.6726626332950771, 0.6513415014175071, 0.630419779735348, 0.6100046363505081, 0.5901891783018797, 0.5710634723985133, 0.5523755595923052, 0.5341949851408766, 0.5166722404213758, 0.49972371911316493, 0.48317726820147605, 0.46703592791615045, 0.45162804308005683, 0.4365382422911172, 0.4219371584491788, 0.4076986220158244, 0.3938374541115308, 0.3802134241348646, 0.3669739832331324, 0.35413167235443, 0.34145125371478086, 0.32906573736974515, 0.3169378805037661, 0.3049175717684257, 0.2930435740942015, 0.2812543228268057, 0.2696315241432252, 0.25811589356155323, 0.2467925575173483, 0.23541677750837964, 0.224233292036878, 0.21313835325950642, 0.20216578373325023, 0.19125477886128192, 0.18040457858614112, 0.16972501121084754, 0.15922899771222704, 0.14878998852313235, 0.1385143916880116, 0.1284257689881355, 0.11850587904445577, 0.10897361840555146, 0.09957664799458839, 0.09051410286617668, 0.08182626606571457, 0.07349717638653482, 0.06554811543752707, 0.05795932172472239, 0.050855064642887, 0.04418442034217787, 0.037982351465770815, 0.03238300815541655, 0.027447195007942602, 0.023038101680487044, 0.019348402739247088, 0.016346935828348622, 0.014213834565893181, 0.012878793636798941, 0.01240375772408394, 0.0, 0.0, 0.0, 0.0, 0.0, 0.0, 0.0, 0.0, 0.0, 0.0, 0.0, 0.0, 0.0, 0.0, 0.0, 0.0, 0.0, 0.0, 0.0, 0.0, 0.0, 0.0, 0.0, 0.0, 0.0, 0.0, 0.0, 0.0, 0.0, 0.0, 0.0, 0.0, 0.0, 0.0, 0.0, 0.0, 0.0, 0.0, 0.0, 0.0, 0.0, 0.0, 0.0, 0.0, 0.0],