{"u_grid": [0, 1, 2, 3, 4, 5, 6, 7, 8, 9, 10, 11, 12, 13, 14, 15, 16, 17, 18, 19, 20, 21, 22, 23, 24, 25, 26, 27, 28, 29, 30, 31, 32, 33, 34, 35, 36, 37, 38, 39, 40, 41, 42, 43, 44, 45, 46, 47, 48, 49, 50, 51, 52, 53, 54, 55, 56, 57, 58, 59, 60, 61, 62, 63, 64, 65, 66, 67, 68, 69, 70, 71, 72, 73, 74, 75, 76, 77, 78, 79, 80, 81, 82, 83, 84, 85, 86, 87, 88, 89, 90, 91, 92, 93, 94, 95, 96, 97, 98, 99, 100, 101, 102, 103, 104, 105, 106, 107, 108, 109, 110, 111, 112, 113, 114, 115, 116, 117, 118, 119, 120], "curves": {"ngan|0": [1.0, 1.0, 0.9019370387924073, 0.8170933760859147, 0.7294791581165917, 0.6442932717639677, 0.5637330311350705, 0.4895181596973075, 0.42190549067059946, 0.36130807541894266, 0.30804794837917054, 0.26172397313047924, 0.22183439817621936, 0.18811510894229724, 0.15997697768198751, 0.13684279159175697, 0.1183064496911382, 0.1035557500191963, 0.0920479007193978, 0.0833738220754772, 0.07697218787482425, 0.07233892982628012, 0.0691361269020883, 0.06700235915875205, 0.06567119522766808, 0.0648361562922815, 0.06435591788750705, 0.0640772406050673, 0.06390149519298237, 0.06376248752240671, 0.06362314888118684, 0.06348050053352468, 0.06332858500782415, 0.06316607842150833, 0.06298900912684649, 0.06281326371476155, 0.06264579256878232, 0.062461441919947465, 0.06223969158831488, 0.06202522261085531, 0.06180247936729004, 0.061577088358570946, 0.061355338026938364, 0.061116377221805934, 0.06084465032289496, 0.06056630401109943, 0.060292591288323094, 0.060025167007787074, 0.05973953934181854, 0.05944530643910008, 0.059159347802487314, 0.058846911514336325, 0.05854572822808908, 0.058233622910582324, 0.05790463809021995, 0.0575425562054348, 0.057185107909668846, 0.0568349409680759, 0.05647517587780034, 0.056088271194698114, 0.05570202845288434, 0.05530519465045528, 0.054917297055420373, 0.05450689345657798, 0.05406703347039931, 0.05362154698326877, 0.053168779141965224, 0.05271336353550785, 0.05224834978036788, 0.05177704758298758, 0.05129978791401118, 0.050789100209967776, 0.05031184054099137, 0.04979486439470765, 0.04929377483934685, 0.048812543522639716, 0.048311784937923145, 0.047802421116456655, 0.04727948749857683, 0.04674132923106252, 0.04618099593038496, 0.04563290854354382, 0.04507092038964512, 0.0444884120558043, 0.04392907166705942, 0.043359471188343476, 0.042792849445425586, 0.042177575017806224, 0.041580834946263606, 0.0409735038141057, 0.04038967159768797, 0.03978234046553007, 0.03912569470738223, 0.03848956912917652, 0.037855760345480396, 0.0372341974756207, 0.03661561334155906, 0.03597882582206489, 0.03535759392284942, 0.034727425816239804, 0.034062505791986275, 0.0334065219751269, 0.03275682660050784, 0.03208396328079285, 0.031432613052952654, 0.03077199564707409, 0.030104096887022508, 0.02942461415442296, 0.028786502752351877, 0.028109998755550376, 0.02743746640647961, 0.026759638527101202, 0.02607552220548246, 0.02540398276834438, 0.02474336536246581, 0.024067523306952766, 0.023389695427574356, 0.022729739962984243, 0.02207838973514405, 0.021409829033804017, 0.020705523502887388], "ngan|1": [1.0, 1.0, 0.9999854823928646, 0.9999564471785938, 0.999903820852728, 0.9998384916206187, 0.9997259801653192, 0.9995789893930733, 0.9993884457994211, 0.9991180553665242, 0.9988295179247081, 0.9984683924472149, 0.9980383083358285, 0.9975610420012522, 0.9969894112202956, 0.9963524512072298, 0.9956537913638385, 0.9948226583553366, 0.9939261961147254, 0.9929190371197067, 0.9918810282095254, 0.9906415875003403, 0.9893549645679651, 0.9879485713767229, 0.9865240311765613, 0.9848526916550979, 0.9831686492273911, 0.9814083893622234, 0.979686238215786, 0.9776973260382358, 0.9755886436018183, 0.9733910408216966, 0.9709829327381114, 0.9685421600384717, 0.9659017702407201, 0.9632813421527797, 0.9604358911542406, 0.9575523314369709, 0.9546742158223771, 0.951436789431182, 0.9481285897052019, 0.9447423578408689, 0.9412000616998303, 0.9373982633312464, 0.933585576757311, 0.9297257079601855, 0.9256843690738674, 0.9214452277903294, 0.9170627251363294, 0.9125695257279219, 0.9080273293954324, 0.9033708069067516, 0.8983586030432534, 0.8934026549074049, 0.8882833836912831, 0.8829536071716979, 0.8774913574870022, 0.8719365580568182, 0.866318244095417, 0.8604640190180654, 0.8544972824854143, 0.8484198491983559, 0.8421555017194291, 0.8356407255174166, 0.8289952908511855, 0.8224206295197394, 0.8157044215187231, 0.8088757020624076, 0.8019217682445491, 0.7947664026276869, 0.7874295669216321, 0.7801326546351998, 0.7725435755051674, 0.7649581257769188, 0.7571313208300442, 0.7492355572492764, 0.7412417998203447, 0.7328723993067843, 0.7246209543511991, 0.7162860331545853, 0.707938409051728, 0.6994383500739491, 0.6907386739980582, 0.6820535155293029, 0.67321047808295, 0.6640716443912132, 0.654994510529802, 0.6459681882933646, 0.6365752964767583, 0.6270662638030686, 0.6176679278837865, 0.6080645307637169, 0.5984774659516745, 0.5886091225013838, 0.5788024788814183, 0.5690321292792916, 0.5594105851503026, 0.5494206567402528, 0.5391603378973061, 0.5292774768398799, 0.5191841104789903, 0.509230476086779, 0.4991842919490795, 0.4891798459318943, 0.47907559136565314, 0.46909292175917106, 0.45882534411265663, 0.44856865467149376, 0.43819582437324767, 0.42784658518659663, 0.4175064195044052, 0.40721706544718766, 0.3970819609657838, 0.38701762981916504, 0.37663935541824317, 0.3664298482002704, 0.35628204081262305, 0.3463937356525211, 0.33630218399252343, 0.32627233216285123, 0.3161862246055294], "trung|0": [1.0, 1.0, 0.9756001236089258, 0.9516588535145792, 0.9246170005733211, 0.8959926400637955, 0.8663237184354425, 0.8359483157020479, 0.8054806863580166, 0.7749026377568669, 0.7447190158384674, 0.7147612859472166, 0.6853468086939626, 0.6566221359531418, 0.6283537954282384, 0.6006499322955607, 0.5734817415315125, 0.5470538904090136, 0.5210351211567087, 0.4955247353033106, 0.47065260813064747, 0.446228222201952, 0.4222391964105908, 0.39854933858359637, 0.375477778061336, 0.35280974054506686, 0.330856775105789, 0.3092060097386247, 0.28823266777726037, 0.2680267017515223, 0.2487495713989362, 0.23023299473954573, 0.21281277770632673, 0.19646087330261977, 0.18116793252953842, 0.16684956172145896, 0.1537339269863401, 0.141614592321743, 0.13061233668625494, 0.12049217172948647, 0.11144512023949608, 0.10328394956290904, 0.09604453964139767, 0.08971450936832857, 0.08408868611949082, 0.07917161805650484, 0.07492414045430576, 0.07135181217709631, 0.06830782867479457, 0.06580507640532508, 0.063741221732228, 0.0620720464175268, 0.06067576080005195, 0.05960087860375481, 0.05876755432463211, 0.05809771118819964, 0.057575177953140294, 0.05715295694937618, 0.05679314683007032, 0.05643687416980258, 0.056104100344573776, 0.055761724844812934, 0.05543274115426783, 0.05506737217075921, 0.054706551348871035, 0.054340929689716835, 0.05397631873314496, 0.0535849241581416, 0.05317786369311229, 0.05276473901258906, 0.05234175998188821, 0.05193773162460586, 0.05152738637618401, 0.05109354229272322, 0.050643526967945315, 0.05019578572397763, 0.049745770399199724, 0.04928691142682652, 0.048816429374756644, 0.04833230283782544, 0.047847670949603086, 0.04735748019717797, 0.04685490833811943, 0.04633515453516146, 0.04582828719012806, 0.04531586098089191, 0.04479484379970604, 0.044262456214469066, 0.043724762440674914, 0.043180751775741266, 0.042610715519312885, 0.04204219531675798, 0.041470137655164954, 0.04089302648066033, 0.04031263052276317, 0.03972086416081491, 0.03912050682691693, 0.038513832601879454, 0.03789831472924667, 0.03728102812709484, 0.036657929985094664, 0.03602523016856245, 0.035385708109599574, 0.034738605781269305, 0.03407710094114098, 0.033427471856354904, 0.03275788139556802, 0.03208121601670489, 0.03138206250538515, 0.030699585586673683, 0.030000432075353942, 0.029323766696490814, 0.028600608998840978, 0.02786582822149446, 0.02715858908951616, 0.026432146608473782, 0.025716569180191343, 0.024977745592515546, 0.02425054508453643, 0.02352384992784847, 0.022790837880021012],