{
  "intercept": 0.8775243862670281,
  "coef": {
    "ln_r": -1.1936751250609947,
    "band_trung": -0.1541339906903454,
    "band_dai": -0.18510717433452398,
    "is_tet": 0.48497248485506483,
    "lead_4-7": -0.13208295353947458,
    "lead_8-14": -0.29450354892249225,
    "lead_15-30": -0.3967730946183294,
    "lead_30+": -0.36322724601574835
  },
  "beta_ln_r": -1.1936751250609947,
  "bands": [
    "ngan",
    "trung",
    "dai"
  ],
  "lead_labels": [
    "0-3",
    "4-7",
    "8-14",
    "15-30",
    "30+"
  ],
  "lead_edges": [
    -1,
    3,
    7,
    14,
    30,
    999
  ],
  "band_edges": [
    0,
    300,
    900,
    1800
  ],
  "_source": "search_log MUA/BO_VI_GIA, loại ngày backtest"
}