{
  "intercept": 0.20081950358878697,
  "coef": {
    "ln_r": -5.488865665959003,
    "band_trung": 0.028772945713971276,
    "band_dai": -0.00223930888365449,
    "is_tet": -0.21858687475535443,
    "lead_4-7": -0.008504418747393447,
    "lead_8-14": 0.018766033279883607,
    "lead_15-30": -0.12845517154594885,
    "lead_30+": -0.18949588667472192
  },
  "beta_ln_r": -5.488865665959003,
  "bands": [
    "ngan",
    "trung",
    "dai"
  ],
  "lead_labels": [
    "0-3",
    "4-7",
    "8-14",
    "15-30",
    "30+"
  ],
  "lead_edges": [
    -1,
    3,
    7,
    14,
    30,
    999
  ],
  "band_edges": [
    0,
    300,
    900,
    1800
  ],
  "_source": "search_log MUA/BO_VI_GIA, loại ngày backtest"
}